ts	phase	decision	why	evidence	result
2026-10-07T16:39:00Z	frame	Treat the inbox outage as an example of a general PR quality problem	The user wants protection against future failures of any kind	docs/design/pr-quality-plan.md	plan revised
2026-10-07T16:47:00Z	gate	Add a release binary build and launch check to Forgejo PR CI	The existing type check and package job do not prove the optimized binary links and starts	.forgejo/workflows/linux.yml	workflow edited; CI pending
2026-10-07T16:51:00Z	local	Keep shell scripts at LF in Windows checkouts	WSL test scripts failed before reaching code when Git converted them to CRLF	.gitattributes	git check-attr reports eol=lf
2026-10-07T16:56:30Z	audit	Correct the times in the first three rows	Those times were estimates; the decisions were recorded together at 16:56 UTC	this file	first three timestamps are approximate
2026-10-07T17:17:41Z	review	Harden package scanner for CRLF pattern files	Independent review reproduced a false pass in Windows plus WSL	scripts/verify-public-package-privacy.sh; tests/public_package.rs	implementation and regression test added; verification pending
2026-10-07T17:17:41Z	ci	Add rustdoc warning check to Forgejo lint job	Documentation warnings were only checked by the local script	.forgejo/workflows/linux.yml	workflow edited; CI pending
2026-10-07T17:27:16Z	ci	Defer rustdoc gate until baseline errors are fixed	Independent review ran the command on main and found six existing private-link errors in src/config.rs	src/config.rs; .forgejo/workflows/linux.yml	removed new rustdoc step from CI and local gate; follow-up recorded in plan
2026-10-07T17:27:16Z	local	Require a native Linux checkout for local PR gate	Cargo package ignored GIT_DIR in a WSL Windows worktree and assembled a different file list	scripts/pr-ready.sh; docs/pr-ready.md	local gate now rejects Windows Git pointers
2026-10-07T17:31:24Z	local	Reject WSL Windows-mounted checkouts even when Git discovery works	Independent review found a regular clone under /mnt/c could pass the earlier guard	scripts/pr-ready.sh	path guard added and exercised on /mnt/c
2026-10-07T17:34:14Z	verify	Recheck the proposed gate on native Linux	The final workflow and privacy scanner changed after the first passing run	cargo nextest; cargo clippy; cargo build --release; dione --version	1573 tests passed with one skipped; production four passed; both Clippy configurations passed; release build and launch passed
2026-10-07T18:40:09Z	test-oracle	Remove three renderer tests that accepted any outcome or only wrote samples	They could pass without proving rendered behavior	tests/render.rs	removed; existing PNG and error assertions retained
2026-10-07T18:40:09Z	test-oracle	Pair private-package rejection with public-package acceptance under CRLF patterns	A scanner that rejects every archive must fail the regression test	tests/public_package.rs	paired assertions added; targeted Rust run pending
2026-10-07T18:40:09Z	test-oracle	Observe Discord requests and reloaded queue state	The previous absence-only assertions could pass after dropping all work	tests/mcp_protocol.rs; tests/queue_persistence.rs	observable assertions added; targeted Rust run pending
2026-10-07T18:42:28Z	probe	Break package pattern substitution in a temporary shell copy	Check that the negative case distinguishes a broken scanner from the working one	Git Bash fixture with CRLF pattern files and public/private archives	working scanner allowed public and rejected private; mutant allowed private; Rust test pending
2026-10-07T19:23:47Z	verify	Run the revised Rust tests after restarting the approved Ubuntu distro	Check final test edits on native Linux	cargo nextest --test render --test public_package --test mcp_protocol --test queue_persistence	106 passed; zero skipped
2026-10-07T19:23:47Z	probe	Mutate the privacy scanner and permission request guard in a disposable checkout	Prove the targeted tests fail for the intended observable faults	tests/public_package.rs; tests/mcp_protocol.rs	both targeted tests failed on their mutants and passed after restoration
2026-10-07T19:23:47Z	verify	Run the full test and lint gates after the oracle changes	Check the final edited test files across the workspace	cargo nextest with oneshot-test-seam; cargo clippy both feature configurations	1569 passed, one skipped; both Clippy runs passed with warnings denied
2026-10-07T19:51:17Z	ci	Combine release hygiene with the Linux checks behind one required status	A release build can pass while an independent test or hygiene job fails	.forgejo/workflows/linux.yml; .forgejo/scripts/require-successful-checks.sh	aggregate status checks eight job results; Forgejo branch rule still requires server-side verification after rollout
2026-10-07T19:51:17Z	fixture	Capture an old Codex inbox with tagged v0.48.0 code	Inline JSON written by current tests cannot prove compatibility with bytes from an earlier serializer	tests/fixtures/codex-inbox/v0.48.0-two-pending.json; tests/codex_inbox_upgrade.rs	old producer emitted two queued messages; current child-process test loaded, drained, and reopened them
2026-10-07T19:51:17Z	probe	Break historical inbox data and stall startup in a disposable checkout	Prove the upgrade test catches lost old messages and a hang	tests/codex_inbox_upgrade.rs	both targeted runs failed for the intended reason; restored run pending
2026-10-07T19:53:51Z	probe	Replace the required-check script with unconditional success in a disposable checkout	Prove the script test rejects a false green CI status	tests/public_package.rs; .forgejo/scripts/require-successful-checks.sh	targeted test failed on the mutant and passed after restoration
2026-10-07T19:53:51Z	verify	Run the final edited tests and Rust lints on native Linux	Check the aggregate status, upgrade fixture, and existing workspace behavior	cargo nextest full and production; cargo clippy both configurations	1571 passed with one skipped; production four passed; both Clippy runs passed with warnings denied
